review_id,tipo,text,prediccion,score_polaridad,prediccion_defecto,entidades,interpretacion_humana,coincide,coincide_defecto,posible_causa
9,Sarcasmo,"Genial, 40 minutos esperando una hamburguesa que llegó fría. Una experiencia inolvidable, de verdad.","POSITIVE (5 stars, 0.914)",0.9833,NEGATIVE (0.683),—,NEGATIVO. Queja por 40 minutos de espera y comida fría; 'genial' e 'inolvidable' son ironía.,No,Sí,"Pesan las palabras positivas ('Genial', 'inolvidable') y el modelo no detecta que chocan con los hechos narrados (40 minutos, llegó fría). Reconocer ironía exige razonamiento pragmático que un clasificador entrenado con reseñas literales no aprende."
34,Sarcasmo con ancla léxica,"Cinco estrellas... para el aire acondicionado, que es lo único que funcionaba.","POSITIVE (5 stars, 0.945)",0.9735,POSITIVE (0.553),—,"NEGATIVO. Las 'cinco estrellas' son para el aire acondicionado, lo único que funcionaba.",No,No,'Cinco estrellas' es casi literalmente la etiqueta '5 stars' con la que se entrenó; en reseñas reales esa frase casi siempre acompaña a una nota de 5. Lo más probable es que el modelo haya aprendido ese atajo y no procese el giro '...para el aire acondicionado'.
27,Doble negación,No puedo decir que no me haya gustado: el bocadillo de jamón estaba bueno y no tardaron nada.,"NEGATIVE (2 stars, 0.559)",0.8195,NEGATIVE (0.977),—,POSITIVO. 'No puedo decir que no me haya gustado' equivale a 'me gustó'; 'no tardaron nada' es un elogio.,No,No,"Tres marcadores negativos ('no', 'no', 'nada') que el modelo parece sumar como señales negativas en lugar de componerlos: dos negaciones se cancelan y 'no tardaron nada' es positivo."
11,Negación con sentido positivo (litote),No está nada mal para ser un sitio turístico. Las bravas no tienen nada que envidiar a las de cualquier bar de Les Corts.,"NEUTRAL (3 stars, 0.446)",0.446,NEGATIVE (0.995),LOC:Les Corts (1.00),POSITIVO. 'No está nada mal' y 'no tienen nada que envidiar' son elogios.,Parcial,No,"Acumula 'no', 'nada', 'mal' y 'envidiar'. El modelo duda (3 estrellas) y no llega a invertir la polaridad: sumando 4 y 5 estrellas la probabilidad positiva es 0.48, apenas por encima del 0.45 neutro."
23,Opinión mixta,"Los camareros son un amor, pero la cocina es un desastre: el pollo seco y las patatas congeladas.","NEGATIVE (2 stars, 0.433)",0.6529,NEGATIVE (0.973),—,MIXTO. Servicio excelente ('un amor') y cocina muy mala ('un desastre').,Parcial,Parcial,Una sola etiqueta no puede expresar dos aspectos opuestos. El modelo pesa más la cláusula que sigue al 'pero' y da 2 estrellas; el score bajo refleja la mezcla. Haría falta análisis de sentimiento por aspectos (servicio / comida / precio).
13,Texto muy corto,Carísimo.,"POSITIVE (5 stars, 0.324)",0.5436,POSITIVE (0.985),—,NEGATIVO. Una sola palabra que critica el precio.,No,No,"Sin contexto, y con un vocabulario multilingüe que trocea la palabra en 'car' + '##isi' + '##mo', el modelo no tiene señal. Su score es de los más bajos del lote: avisa que no sabe. El modelo por defecto, en cambio, se equivoca con 0.985."
29,Entidad desconocida + jerga,"La Blaugrana Burger con salsa Culé está brutal, pídanla sin dudar.","NEGATIVE (1 star, 0.326)",0.5766,NEGATIVE (0.984),MISC:Blaugrana Burger (1.00) | MISC:Culé (1.00),POSITIVO. En España 'brutal' significa 'buenísimo'; 'Blaugrana Burger' y 'salsa Culé' son productos.,No,No,"El sentido normativo de 'brutal' (cruel, violento), que coincide con el inglés, es negativo y probablemente es el que dominó en el entrenamiento. Los nombres inventados no aportan señal. En NER, con 'simple' 'Culé' salía partido en 'Cul' + 'é'; con 'first' ambos productos quedan como MISC."
16,Errores ortográficos,"q buen sitio!! los nachos buenisimos y el camarero super atento, bolveremos seguro","POSITIVE (5 stars, 0.738)",0.9655,NEGATIVE (0.754),—,"POSITIVO. Elogio claro pese a 'q', 'buenisimos' y 'bolveremos'.",Sí,No,"Coincide. Las faltas no borran las señales fuertes ('buen sitio', 'super atento', '!!') y el modelo es uncased y quita acentos, así que 'buenisimos' y 'buenísimos' se tokenizan igual. El modelo por defecto falla porque no conoce el español."
28,Negatividad implícita + NER,Esperaba algo digno del Museu del Barça y me encontré un bar de aeropuerto con precios de Plaça de Catalunya.,"NEUTRAL (3 stars, 0.460)",0.4597,POSITIVE (0.879),MISC:Museu del Barça (0.69) | LOC:Catalunya (0.97),NEGATIVO. Compara el local con un bar de aeropuerto con precios de zona turística.,Parcial,No,"No hay palabras negativas: la crítica está en la comparación, y entenderla requiere saber que un 'bar de aeropuerto' es caro y mediocre. El modelo queda en 3 estrellas. En NER, 'Plaça de Catalunya' se reduce a 'Catalunya' y con 'simple' 'Museu' salía partido en 'Muse' + 'u'."
